{"cameraMode":{"drawMode":0,"name":"Shaded","section":"Shading Mode"},"sceneLighting":true,"audioPlay":false,"sceneViewState":{"showFog":true,"showMaterialUpdate":false,"showSkybox":true,"showFlares":true,"showImageEffects":true,"showParticleSystems":true},"in2DMode":false,"pivot":{"x":-8.232905387878418,"y":-11.667755126953125,"z":19.670360565185548},"rotation":{"x":0.2660919427871704,"y":-0.19702446460723878,"z":0.055659811943769458,"w":0.9419764280319214},"size":25.850818634033204,"orthographic":false}