{"cameraMode":{"drawMode":0,"name":"Shaded","section":"Shading Mode"},"sceneLighting":false,"audioPlay":false,"sceneViewState":{"showFog":true,"showMaterialUpdate":true,"showSkybox":false,"showFlares":true,"showImageEffects":true,"showParticleSystems":true},"in2DMode":false,"pivot":{"x":-0.035834651440382007,"y":0.008746135979890824,"z":-0.0016304838936775923},"rotation":{"x":0.19501930475234986,"y":0.02009788155555725,"z":-0.00400666194036603,"w":0.9806353449821472},"size":0.0535363145172596,"orthographic":false}