{"cameraMode":{"drawMode":0,"name":"Shaded","section":"Shading Mode"},"sceneLighting":false,"audioPlay":false,"sceneViewState":{"showFog":true,"showMaterialUpdate":true,"showSkybox":false,"showFlares":true,"showImageEffects":true,"showParticleSystems":true},"in2DMode":false,"pivot":{"x":0.3342035114765167,"y":-0.37865597009658816,"z":1.6513868570327759},"rotation":{"x":-0.01104075275361538,"y":-0.9765496850013733,"z":0.20898310840129853,"w":-0.05148123577237129},"size":0.36245274543762209,"orthographic":false}