{"cameraMode":{"drawMode":0,"name":"Shaded","section":"Shading Mode"},"sceneLighting":false,"audioPlay":false,"sceneViewState":{"showFog":true,"showMaterialUpdate":true,"showSkybox":false,"showFlares":true,"showImageEffects":true,"showParticleSystems":true},"in2DMode":false,"pivot":{"x":-0.7901929616928101,"y":0.005872741341590881,"z":1.7023789882659913},"rotation":{"x":-0.03083788976073265,"y":-0.8508633971214294,"z":0.05026046186685562,"w":-0.5221221446990967},"size":0.5574362277984619,"orthographic":false}