{"cameraMode":{"drawMode":0,"name":"Shaded","section":"Shading Mode"},"sceneLighting":false,"audioPlay":false,"sceneViewState":{"showFog":true,"showMaterialUpdate":true,"showSkybox":false,"showFlares":true,"showImageEffects":true,"showParticleSystems":true},"in2DMode":false,"pivot":{"x":-0.07639254629611969,"y":-0.05952979624271393,"z":1.3946659564971924},"rotation":{"x":0.004713995847851038,"y":0.21240390837192536,"z":-0.0010235435329377652,"w":0.9771952629089356},"size":1.3783776760101319,"orthographic":false}