{"cameraMode":{"drawMode":0,"name":"Shaded","section":"Shading Mode"},"sceneLighting":false,"audioPlay":false,"sceneViewState":{"showFog":true,"showMaterialUpdate":true,"showSkybox":false,"showFlares":true,"showImageEffects":true,"showParticleSystems":true},"in2DMode":false,"pivot":{"x":-0.16544851660728455,"y":-0.05952979624271393,"z":1.3946659564971924},"rotation":{"x":0.19501930475234986,"y":0.02009788155555725,"z":-0.00400666194036603,"w":0.9806353449821472},"size":1.4161895513534547,"orthographic":false}